datetime,open,high,low,close,volume
2024-08-01T00:00:00+00:00,18482.39,18532.59,17023.37,17426.44,842040
2024-08-08T00:00:00+00:00,17426.44,17922.8,17369,17896.2,479352
2024-08-15T00:00:00+00:00,17896.2,18499.47,17896.2,18472.49,296658
2024-08-22T00:00:00+00:00,18472.49,18864.81,18428.63,18785.69,343300
2024-08-29T00:00:00+00:00,18785.69,18997.99,18475.94,18569.7,415372
2024-09-05T00:00:00+00:00,18569.7,18677.63,18188.01,18476.91,518915
2024-09-12T00:00:00+00:00,18476.91,18917.28,18373.99,18747.79,449881
2024-09-19T00:00:00+00:00,18747.79,19047.71,18688.94,18921.67,439901
2024-09-26T00:00:00+00:00,18921.67,19507.25,18921.67,19163.29,501993
2024-10-03T00:00:00+00:00,19163.29,19299.47,18918.59,19289.22,452741
2024-10-10T00:00:00+00:00,19289.22,19651.1,19151.78,19494.05,297945
2024-10-17T00:00:00+00:00,19494.05,19689.28,19311.48,19351.22,287894
2024-10-24T00:00:00+00:00,19351.22,19656.26,19208.82,19247.71,369795
2024-10-31T00:00:00+00:00,19247.71,19573.73,19010.87,19109.13,417787
2024-11-07T00:00:00+00:00,19109.13,19553.77,18840.33,18995.25,375588
2024-11-14T00:00:00+00:00,18995.25,19309.08,18814.15,19096.95,466513
2024-11-21T00:00:00+00:00,19096.95,19475.21,18901.85,19280.93,457855
2024-11-28T00:00:00+00:00,19280.93,20271.24,19280.93,20237.89,358221
2024-12-05T00:00:00+00:00,20237.89,20483.24,20197.56,20428.2,319802
2024-12-12T00:00:00+00:00,20428.2,20529.81,20002.09,20026.84,317356
2024-12-19T00:00:00+00:00,20026.84,20107.09,19653.21,19903.1,305255
2024-12-26T00:00:00+00:00,19903.1,20014.86,19771.69,19850.11,139130
2025-01-02T00:00:00+00:00,19850.11,20507.95,19850.11,20370.84,407097
2025-01-09T00:00:00+00:00,20370.84,20656.35,20046.32,20645.26,295062
2025-01-16T00:00:00+00:00,20645.26,21360.89,20598.73,21268.78,266143
2025-01-23T00:00:00+00:00,21268.78,21701.04,21105.48,21664.45,289232
2025-01-30T00:00:00+00:00,21664.45,21825.15,21126.58,21657.26,311209
2025-02-06T00:00:00+00:00,21657.26,22340.79,21657.26,22323.04,313294
2025-02-13T00:00:00+00:00,22323.04,22948.74,22323.04,22444.12,295999
2025-02-20T00:00:00+00:00,22444.12,22841.89,22122.96,22646.28,397347
2025-02-27T00:00:00+00:00,22646.28,23320.01,22216.38,23200.57,716750
2025-03-06T00:00:00+00:00,23200.57,23479.53,22242.8,22648.27,712077
2025-03-13T00:00:00+00:00,22648.27,23478.63,22409.04,23316.05,405958
2025-03-20T00:00:00+00:00,23316.05,23351.39,22677.5,22733.74,576086
2025-03-27T00:00:00+00:00,22733.74,22764.36,22006.84,22470.24,628569
2025-04-03T00:00:00+00:00,22470.24,22470.24,18867.74,21467.75,708482
2025-04-10T00:00:00+00:00,21467.75,21478.76,20183.32,21196.78,494140
2025-04-17T00:00:00+00:00,21196.78,22156.25,21099.59,22008.65,363143
2025-04-24T00:00:00+00:00,22008.65,22702.67,21810.7,22655.4,619193
2025-05-01T00:00:00+00:00,22655.4,23489.27,22655.4,23223.33,415723
2025-05-08T00:00:00+00:00,23223.33,23960.05,23206.07,23522.36,503526
2025-05-15T00:00:00+00:00,23522.36,24172.5,23358.6,23940.38,406125
2025-05-22T00:00:00+00:00,23940.38,24330.81,23267.34,24079.7,452384
2025-05-29T00:00:00+00:00,24079.7,24391,23736.85,24263.56,585645
2025-06-05T00:00:00+00:00,24263.56,24488.51,23832.52,23861.94,469733
2025-06-12T00:00:00+00:00,23861.94,23885.84,23258.08,23309.48,501146
2025-06-19T00:00:00+00:00,23309.48,23828.63,23016.26,23516.26,452556
2025-06-26T00:00:00+00:00,23516.26,24181.91,23500.96,23819.74,382159
2025-07-03T00:00:00+00:00,23819.74,24646.19,23703.96,24638.08,378665
2025-07-10T00:00:00+00:00,24638.08,24654.07,23930.75,24197.15,457829
2025-07-17T00:00:00+00:00,24197.15,24538.96,23918.26,24536.94,464329
2025-07-24T00:00:00+00:00,24536.94,24576.17,23935.12,24280.08,541644
2025-07-31T00:00:00+00:00,24280.08,24443.32,23381.61,23953.52,564383
2025-08-07T00:00:00+00:00,23953.52,24399.17,23908.67,24231.45,433871
2025-08-14T00:00:00+00:00,24231.45,24546.94,24126.53,24301.82,353265
2025-08-21T00:00:00+00:00,24301.82,24454.71,23983.86,24065.27,323157
2025-08-28T00:00:00+00:00,24065.27,24211.31,23481.2,23608.88,383653
2025-09-04T00:00:00+00:00,23608.88,23896.78,23548.27,23608.58,410844
2025-09-11T00:00:00+00:00,23608.58,23858.53,23281.1,23386,439676
2025-09-18T00:00:00+00:00,23386,23782.35,23386,23716.71,433375
2025-09-25T00:00:00+00:00,23716.71,24291.53,23396.79,24258.42,443554
2025-10-02T00:00:00+00:00,24258.42,24658.57,24247.73,24647.57,339871
2025-10-09T00:00:00+00:00,24647.57,24795.07,24002.44,24167.73,483481
2025-10-16T00:00:00+00:00,24167.73,24407.47,23694.18,24170.94,482265
2025-10-23T00:00:00+00:00,24170.94,24413.8,24020.76,24154.28,320488
2025-10-30T00:00:00+00:00,24154.28,24274.97,23591.98,24106.5,479004
2025-11-06T00:00:00+00:00,24106.5,24463.76,23459.15,24442.17,406230
2025-11-13T00:00:00+00:00,24442.17,24520.94,23083.17,23258.17,602484
2025-11-20T00:00:00+00:00,23258.17,23777.66,22924.55,23755.56,615344
2025-11-27T00:00:00+00:00,23755.56,23893.31,23435.57,23781.13,324699
2025-12-04T00:00:00+00:00,23781.13,24232.04,23762.42,24199.78,337012
2025-12-11T00:00:00+00:00,24199.78,24478.43,23884.12,23893.89,497223
2025-12-18T00:00:00+00:00,23893.89,24384.86,23854.17,24345.74,380111
2025-12-25T00:00:00+00:00,24345.74,24694.86,24300.38,24624.24,115445
2026-01-01T00:00:00+00:00,24624.24,25190.35,24488.68,25141.6,318954
2026-01-08T00:00:00+00:00,25141.6,25549.33,25040.31,25361.58,320853
2026-01-15T00:00:00+00:00,25361.58,25427.18,24376.58,24874.48,452223
2026-01-22T00:00:00+00:00,24874.48,25049.57,24732.35,24884.25,437367
2026-01-29T00:00:00+00:00,24884.25,25127.66,24230.67,24643.42,690269
2026-02-05T00:00:00+00:00,24643.42,25104.94,24298.72,24935.73,755360
2026-02-12T00:00:00+00:00,24935.73,25328.2,24685.11,25235.61,728653
2026-02-19T00:00:00+00:00,25235.61,25342.34,24885.29,25217.54,631465
2026-02-26T00:00:00+00:00,25217.54,25411.47,23591.51,24262.5,1669867
2026-03-05T00:00:00+00:00,24262.5,24365.52,22698.52,23624.86,1744563
2026-03-12T00:00:00+00:00,23624.86,23957.04,23115.69,23143.93,1519947
2026-03-19T00:00:00+00:00,23143.93,23267.24,21859.34,22938.76,2266665
2026-03-26T00:00:00+00:00,22938.76,23465.85,21970.74,23369.24,2047205
2026-04-02T00:00:00+00:00,23369.24,24329.59,22729.84,24126.84,716058
2026-04-09T00:00:00+00:00,24126.84,24231.93,23555.87,24156.43,938319
2026-04-16T00:00:00+00:00,24156.43,24881.15,24094.66,24282.13,1097073
2026-04-23T00:00:00+00:00,24282.13,24440.21,23832.7,23881.46,1747262
2026-04-30T00:00:00+00:00,23881.46,25189.52,23658.2,24978.94,1176640
2026-05-07T00:00:00+00:00,24978.94,25045.26,23932.2,24233.27,1145284
2026-05-14T00:00:00+00:00,24233.27,24898.59,23630.22,24780.99,1486446
2026-05-21T00:00:00+00:00,24780.99,25457.31,24528.32,25217.96,829629
2026-05-28T00:00:00+00:00,25217.96,25370.84,24723.47,24729.99,1293021
2026-06-04T00:00:00+00:00,24729.99,25035.77,24037.84,24081.73,3058828
2026-06-11T00:00:00+00:00,24081.73,25117.32,23962.63,24808.2,3050182
2026-06-18T00:00:00+00:00,24808.2,25175.86,24598.34,24692.25,2124332
2026-06-25T00:00:00+00:00,24692.25,25118.31,24555.36,25066.72,1615430
2026-07-02T00:00:00+00:00,25066.72,25931.29,24843.13,25031.03,1234939
2026-07-09T00:00:00+00:00,25031.03,25219.05,24776.55,25003.3,1249794
2026-07-16T00:00:00+00:00,25003.3,25278.91,24615.42,25156.8,1344582
2026-07-23T00:00:00+00:00,25156.8,25594.17,24692.73,25383.42,1630384
2026-07-30T00:00:00+00:00,25383.42,25827.61,25297.5,25788.6,321665
